{
  "main": {
    "postgres": {
      "connectionUri": "postgresql://speckle:speckle@127.0.0.1:5432/speckle",
      "privateConnectionUri": "postgresql://speckle:speckle@postgres:5432/speckle",
      "databaseName": "speckle"
    },
    "blobStorage": {
      "accessKey": "minioadmin",
      "secretKey": "minioadmin",
      "bucket": "speckle-server",
      "createBucketIfNotExists": true,
      "endpoint": "http://127.0.0.1:9000",
      "s3Region": "us-east-1"
    }
  },
  "regions": {
    "region1": {
      "postgres": {
        "connectionUri": "postgresql://speckle:speckle@127.0.0.1:5401/speckle",
        "privateConnectionUri": "postgresql://speckle:speckle@postgres-region1:5432/speckle",
        "databaseName": "speckle"
      },
      "blobStorage": {
        "accessKey": "minioadmin",
        "secretKey": "minioadmin",
        "bucket": "speckle-server",
        "createBucketIfNotExists": true,
        "endpoint": "http://127.0.0.1:9020",
        "s3Region": "us-east-1"
      }
    }
  }
}
